<?xml version="1.0" encoding="utf-8"?>
<admin_navigation>
  <navigation navigation_id="addOnDevelopment" parent_navigation_id="development" display_order="1" link="" admin_permission_id="" debug_only="1" hide_no_children="1"/>
  <navigation navigation_id="addOns" parent_navigation_id="setup" display_order="100" link="add-ons" admin_permission_id="" debug_only="0" hide_no_children="1"/>
  <navigation navigation_id="adminLog" parent_navigation_id="logs" display_order="30" link="logs/admin" admin_permission_id="viewLogs" debug_only="0" hide_no_children="0"/>
  <navigation navigation_id="adminNavigation" parent_navigation_id="navigation" display_order="10" link="admin-navigation" admin_permission_id="" debug_only="1" hide_no_children="0"/>
  <navigation navigation_id="adminPermissions" parent_navigation_id="permissionsDevelopment" display_order="20" link="admin-permissions" admin_permission_id="" debug_only="1" hide_no_children="0"/>
  <navigation navigation_id="adminStyleProperties" parent_navigation_id="adminStyling" display_order="20" link="admin-style-properties" admin_permission_id="" debug_only="1" hide_no_children="0"/>
  <navigation navigation_id="adminStyling" parent_navigation_id="development" display_order="20" link="" admin_permission_id="" debug_only="0" hide_no_children="1"/>
  <navigation navigation_id="adminTemplateMods" parent_navigation_id="adminStyling" display_order="15" link="admin-template-mods" admin_permission_id="" debug_only="1" hide_no_children="0"/>
  <navigation navigation_id="adminTemplates" parent_navigation_id="adminStyling" display_order="10" link="admin-templates" admin_permission_id="" debug_only="1" hide_no_children="0"/>
  <navigation navigation_id="adminTemplatesSearch" parent_navigation_id="adminStyling" display_order="11" link="admin-templates/search" admin_permission_id="" debug_only="1" hide_no_children="0"/>
  <navigation navigation_id="admins" parent_navigation_id="usersSection" display_order="120" link="admins" admin_permission_id="user" debug_only="0" hide_no_children="0"/>
  <navigation navigation_id="analyzePermissions" parent_navigation_id="permissions" display_order="90" link="permissions/analyze" admin_permission_id="user" debug_only="0" hide_no_children="0"/>
  <navigation navigation_id="appearance" parent_navigation_id="" display_order="40" link="appearance" admin_permission_id="" debug_only="0" hide_no_children="1"/>
  <navigation navigation_id="applications" parent_navigation_id="" display_order="20" link="applications" admin_permission_id="" debug_only="0" hide_no_children="1"/>
  <navigation navigation_id="attachmentBrowser" parent_navigation_id="attachments" display_order="10" link="attachments" admin_permission_id="attachment" debug_only="0" hide_no_children="0"/>
  <navigation navigation_id="attachmentOptions" parent_navigation_id="attachments" display_order="20" link="options/list/attachments" admin_permission_id="option" debug_only="0" hide_no_children="0"/>
  <navigation navigation_id="attachments" parent_navigation_id="applications" display_order="17" link="" admin_permission_id="" debug_only="0" hide_no_children="1"/>
  <navigation navigation_id="bannedEmails" parent_navigation_id="banning" display_order="20" link="banning/emails" admin_permission_id="ban" debug_only="0" hide_no_children="0"/>
  <navigation navigation_id="bannedIps" parent_navigation_id="banning" display_order="30" link="banning/ips" admin_permission_id="ban" debug_only="0" hide_no_children="0"/>
  <navigation navigation_id="bannedUsers" parent_navigation_id="banning" display_order="10" link="banning/users" admin_permission_id="ban" debug_only="0" hide_no_children="0"/>
  <navigation navigation_id="banning" parent_navigation_id="users" display_order="20" link="" admin_permission_id="" debug_only="0" hide_no_children="1"/>
  <navigation navigation_id="batchUpdateThreads" parent_navigation_id="threadsPosts" display_order="100" link="threads/batch-update" admin_permission_id="thread" debug_only="0" hide_no_children="0"/>
  <navigation navigation_id="batchUpdateUsers" parent_navigation_id="usersSection" display_order="30" link="users/batch-update" admin_permission_id="user" debug_only="0" hide_no_children="0"/>
  <navigation navigation_id="bbCodeAndSmilies" parent_navigation_id="setup" display_order="40" link="" admin_permission_id="" debug_only="0" hide_no_children="1"/>
  <navigation navigation_id="bbCodeMediaSites" parent_navigation_id="bbCodeAndSmilies" display_order="20" link="bb-code-media-sites" admin_permission_id="bbCodeSmilie" debug_only="0" hide_no_children="0"/>
  <navigation navigation_id="captcha" parent_navigation_id="tools" display_order="200" link="captcha-questions" admin_permission_id="option" debug_only="0" hide_no_children="1"/>
  <navigation navigation_id="captchaQuestion" parent_navigation_id="captcha" display_order="10" link="captcha-questions" admin_permission_id="" debug_only="0" hide_no_children="0"/>
  <navigation navigation_id="codeEventListeners" parent_navigation_id="codeEventsAndListeners" display_order="20" link="code-event-listeners" admin_permission_id="" debug_only="1" hide_no_children="0"/>
  <navigation navigation_id="codeEvents" parent_navigation_id="codeEventsAndListeners" display_order="10" link="code-events" admin_permission_id="" debug_only="1" hide_no_children="0"/>
  <navigation navigation_id="codeEventsAndListeners" parent_navigation_id="development" display_order="10" link="" admin_permission_id="" debug_only="0" hide_no_children="1"/>
  <navigation navigation_id="color" parent_navigation_id="stylesAndTemplates" display_order="110" link="style-properties/color" admin_permission_id="style" debug_only="0" hide_no_children="0"/>
  <navigation navigation_id="createAddOn" parent_navigation_id="addOnDevelopment" display_order="10" link="add-ons/add" admin_permission_id="addOn" debug_only="1" hide_no_children="0"/>
  <navigation navigation_id="createCategory" parent_navigation_id="nodeTree" display_order="20" link="categories/add" admin_permission_id="" debug_only="0" hide_no_children="0"/>
  <navigation navigation_id="createForum" parent_navigation_id="nodeTree" display_order="30" link="forums/add" admin_permission_id="" debug_only="0" hide_no_children="0"/>
  <navigation navigation_id="createNewLink" parent_navigation_id="nodeTree" display_order="50" link="link-forums/add" admin_permission_id="" debug_only="0" hide_no_children="0"/>
  <navigation navigation_id="createNewUser" parent_navigation_id="usersSection" display_order="20" link="users/add" admin_permission_id="user" debug_only="0" hide_no_children="0"/>
  <navigation navigation_id="createPage" parent_navigation_id="nodeTree" display_order="40" link="pages/add" admin_permission_id="" debug_only="0" hide_no_children="0"/>
  <navigation navigation_id="cronEntries" parent_navigation_id="toolsGroups" display_order="1" link="cron" admin_permission_id="cron" debug_only="0" hide_no_children="0"/>
  <navigation navigation_id="customBbCodes" parent_navigation_id="bbCodeAndSmilies" display_order="10" link="bb-codes" admin_permission_id="bbCodeSmilie" debug_only="0" hide_no_children="0"/>
  <navigation navigation_id="customizedStyleComponents" parent_navigation_id="stylesAndTemplates" display_order="430" link="styles/customized-components" admin_permission_id="style" debug_only="0" hide_no_children="0"/>
  <navigation navigation_id="devInstallAddOn" parent_navigation_id="addOnDevelopment" display_order="20" link="add-ons/install-confirm" admin_permission_id="addOn" debug_only="1" hide_no_children="0"/>
  <navigation navigation_id="devListAddOns" parent_navigation_id="addOnDevelopment" display_order="30" link="add-ons" admin_permission_id="addOn" debug_only="1" hide_no_children="0"/>
  <navigation navigation_id="development" parent_navigation_id="" display_order="1000" link="development" admin_permission_id="dev" debug_only="1" hide_no_children="1"/>
  <navigation navigation_id="diagnostics" parent_navigation_id="tools" display_order="15" link="" admin_permission_id="" debug_only="0" hide_no_children="0"/>
  <navigation navigation_id="discouragedIps" parent_navigation_id="banning" display_order="40" link="banning/discouraged-ips" admin_permission_id="ban" debug_only="0" hide_no_children="0"/>
  <navigation navigation_id="emailBouncesLog" parent_navigation_id="logs" display_order="70" link="logs/email-bounces" admin_permission_id="viewLogs" debug_only="0" hide_no_children="0"/>
  <navigation navigation_id="emailTemplateMods" parent_navigation_id="emailTemplates" display_order="15" link="email-template-mods" admin_permission_id="" debug_only="1" hide_no_children="0"/>
  <navigation navigation_id="emailTemplates" parent_navigation_id="development" display_order="100" link="email-templates" admin_permission_id="" debug_only="1" hide_no_children="1"/>
  <navigation navigation_id="emailTemplatesLink" parent_navigation_id="emailTemplates" display_order="1" link="email-templates" admin_permission_id="" debug_only="1" hide_no_children="0"/>
  <navigation navigation_id="emailUsers" parent_navigation_id="usersSection" display_order="25" link="users/email" admin_permission_id="user" debug_only="0" hide_no_children="0"/>
  <navigation navigation_id="feeder" parent_navigation_id="applications" display_order="20" link="feeds" admin_permission_id="node" debug_only="0" hide_no_children="1"/>
  <navigation navigation_id="feedlist" parent_navigation_id="feeder" display_order="10" link="feeds" admin_permission_id="node" debug_only="0" hide_no_children="0"/>
  <navigation navigation_id="fileCheck" parent_navigation_id="diagnostics" display_order="10" link="tools/file-check" admin_permission_id="" debug_only="0" hide_no_children="0"/>
  <navigation navigation_id="helpPages" parent_navigation_id="options" display_order="20" link="help-pages" admin_permission_id="help" debug_only="0" hide_no_children="0"/>
  <navigation navigation_id="image_proxy_log" parent_navigation_id="logs" display_order="60" link="logs/image-proxy" admin_permission_id="viewLogs" debug_only="0" hide_no_children="0"/>
  <navigation navigation_id="import" parent_navigation_id="tools" display_order="2000" link="" admin_permission_id="import" debug_only="0" hide_no_children="1"/>
  <navigation navigation_id="importExternalData" parent_navigation_id="import" display_order="1" link="import" admin_permission_id="" debug_only="0" hide_no_children="0"/>
  <navigation navigation_id="importLanguage" parent_navigation_id="languagesAndPhrases" display_order="310" link="languages/import" admin_permission_id="language" debug_only="0" hide_no_children="0"/>
  <navigation navigation_id="importStyle" parent_navigation_id="stylesAndTemplates" display_order="510" link="styles/import" admin_permission_id="style" debug_only="0" hide_no_children="0"/>
  <navigation navigation_id="installAddOn" parent_navigation_id="addOns" display_order="20" link="add-ons/install-confirm" admin_permission_id="addOn" debug_only="0" hide_no_children="0"/>
  <navigation navigation_id="languages" parent_navigation_id="languagesAndPhrases" display_order="10" link="languages" admin_permission_id="language" debug_only="0" hide_no_children="0"/>
  <navigation navigation_id="languagesAndPhrases" parent_navigation_id="appearance" display_order="20" link="" admin_permission_id="" debug_only="0" hide_no_children="1"/>
  <navigation navigation_id="link_proxy_log" parent_navigation_id="logs" display_order="50" link="logs/link-proxy" admin_permission_id="viewLogs" debug_only="0" hide_no_children="0"/>
  <navigation navigation_id="listActiveUpgrades" parent_navigation_id="userUpgrades" display_order="10" link="user-upgrades/active" admin_permission_id="" debug_only="0" hide_no_children="0"/>
  <navigation navigation_id="listAddOns" parent_navigation_id="addOns" display_order="10" link="add-ons" admin_permission_id="addOn" debug_only="0" hide_no_children="0"/>
  <navigation navigation_id="listAllUsers" parent_navigation_id="usersSection" display_order="10" link="users/list" admin_permission_id="user" debug_only="0" hide_no_children="0"/>
  <navigation navigation_id="listExpiredUpgrades" parent_navigation_id="userUpgrades" display_order="30" link="user-upgrades/expired" admin_permission_id="userUpgrade" debug_only="0" hide_no_children="0"/>
  <navigation navigation_id="listNodes" parent_navigation_id="nodeTree" display_order="10" link="nodes" admin_permission_id="" debug_only="0" hide_no_children="0"/>
  <navigation navigation_id="listUserGroups" parent_navigation_id="userGroups" display_order="1" link="user-groups" admin_permission_id="userGroup" debug_only="0" hide_no_children="0"/>
  <navigation navigation_id="listUserUpgrades" parent_navigation_id="userUpgrades" display_order="1" link="user-upgrades" admin_permission_id="" debug_only="0" hide_no_children="0"/>
  <navigation navigation_id="logs" parent_navigation_id="tools" display_order="1000" link="" admin_permission_id="" debug_only="0" hide_no_children="1"/>
  <navigation navigation_id="moderatorLog" parent_navigation_id="logs" display_order="20" link="logs/moderator" admin_permission_id="viewLogs" debug_only="0" hide_no_children="0"/>
  <navigation navigation_id="moderators" parent_navigation_id="usersSection" display_order="110" link="moderators" admin_permission_id="user" debug_only="0" hide_no_children="0"/>
  <navigation navigation_id="monthlyStatistics" parent_navigation_id="stats" display_order="30" link="stats/monthly" admin_permission_id="viewStatistics" debug_only="0" hide_no_children="0"/>
  <navigation navigation_id="navigation" parent_navigation_id="development" display_order="30" link="" admin_permission_id="" debug_only="0" hide_no_children="1"/>
  <navigation navigation_id="nodePermissions" parent_navigation_id="permissions" display_order="20" link="nodes" admin_permission_id="node" debug_only="0" hide_no_children="0"/>
  <navigation navigation_id="nodeTree" parent_navigation_id="applications" display_order="10" link="nodes" admin_permission_id="node" debug_only="0" hide_no_children="1"/>
  <navigation navigation_id="notices" parent_navigation_id="setup" display_order="25" link="notices" admin_permission_id="" debug_only="0" hide_no_children="1"/>
  <navigation navigation_id="noticesList" parent_navigation_id="notices" display_order="10" link="notices" admin_permission_id="notice" debug_only="0" hide_no_children="0"/>
  <navigation navigation_id="options" parent_navigation_id="setup" display_order="10" link="" admin_permission_id="" debug_only="0" hide_no_children="1"/>
  <navigation navigation_id="optionsLink" parent_navigation_id="options" display_order="1" link="options" admin_permission_id="option" debug_only="0" hide_no_children="0"/>
  <navigation navigation_id="outdatedPhrases" parent_navigation_id="languagesAndPhrases" display_order="210" link="phrases/outdated" admin_permission_id="language" debug_only="0" hide_no_children="0"/>
  <navigation navigation_id="outdatedTemplates" parent_navigation_id="stylesAndTemplates" display_order="410" link="templates/outdated" admin_permission_id="style" debug_only="0" hide_no_children="0"/>
  <navigation navigation_id="permissionDefinitions" parent_navigation_id="permissionsDevelopment" display_order="10" link="permissions/definitions" admin_permission_id="" debug_only="1" hide_no_children="0"/>
  <navigation navigation_id="permissions" parent_navigation_id="users" display_order="50" link="" admin_permission_id="" debug_only="0" hide_no_children="1"/>
  <navigation navigation_id="permissionsDevelopment" parent_navigation_id="development" display_order="40" link="" admin_permission_id="" debug_only="1" hide_no_children="1"/>
  <navigation navigation_id="phrases" parent_navigation_id="languagesAndPhrases" display_order="110" link="phrases" admin_permission_id="language" debug_only="0" hide_no_children="0"/>
  <navigation navigation_id="rebuildCaches" parent_navigation_id="toolsGroups" display_order="100" link="tools/rebuild" admin_permission_id="rebuildCache" debug_only="0" hide_no_children="0"/>
  <navigation navigation_id="routeFilters" parent_navigation_id="options" display_order="100" link="route-filters" admin_permission_id="option" debug_only="0" hide_no_children="0"/>
  <navigation navigation_id="routePrefixes" parent_navigation_id="navigation" display_order="20" link="route-prefixes" admin_permission_id="" debug_only="1" hide_no_children="0"/>
  <navigation navigation_id="searchForUsers" parent_navigation_id="usersSection" display_order="1" link="users/search" admin_permission_id="user" debug_only="0" hide_no_children="0"/>
  <navigation navigation_id="searchPhrases" parent_navigation_id="languagesAndPhrases" display_order="120" link="phrases/search" admin_permission_id="language" debug_only="0" hide_no_children="0"/>
  <navigation navigation_id="searchTemplates" parent_navigation_id="stylesAndTemplates" display_order="320" link="templates/search" admin_permission_id="style" debug_only="0" hide_no_children="0"/>
  <navigation navigation_id="serverErrorLog" parent_navigation_id="logs" display_order="40" link="logs/server-error" admin_permission_id="viewLogs" debug_only="0" hide_no_children="0"/>
  <navigation navigation_id="setup" parent_navigation_id="" display_order="10" link="index" admin_permission_id="" debug_only="0" hide_no_children="0"/>
  <navigation navigation_id="sitemapLog" parent_navigation_id="logs" display_order="80" link="logs/sitemap" admin_permission_id="viewLogs" debug_only="0" hide_no_children="0"/>
  <navigation navigation_id="smilies" parent_navigation_id="bbCodeAndSmilies" display_order="30" link="smilies" admin_permission_id="bbCodeSmilie" debug_only="0" hide_no_children="0"/>
  <navigation navigation_id="spamCleaner" parent_navigation_id="logs" display_order="10" link="spam-cleaner" admin_permission_id="user" debug_only="0" hide_no_children="0"/>
  <navigation navigation_id="spamTriggerLogs" parent_navigation_id="logs" display_order="15" link="logs/spam-trigger" admin_permission_id="viewLogs" debug_only="0" hide_no_children="0"/>
  <navigation navigation_id="stats" parent_navigation_id="tools" display_order="300" link="" admin_permission_id="" debug_only="0" hide_no_children="1"/>
  <navigation navigation_id="statsDaily" parent_navigation_id="stats" display_order="10" link="stats/daily" admin_permission_id="viewStatistics" debug_only="0" hide_no_children="0"/>
  <navigation navigation_id="styleProperties" parent_navigation_id="stylesAndTemplates" display_order="210" link="style-properties" admin_permission_id="style" debug_only="0" hide_no_children="0"/>
  <navigation navigation_id="styles" parent_navigation_id="stylesAndTemplates" display_order="10" link="styles" admin_permission_id="style" debug_only="0" hide_no_children="0"/>
  <navigation navigation_id="stylesAndTemplates" parent_navigation_id="appearance" display_order="10" link="" admin_permission_id="" debug_only="0" hide_no_children="1"/>
  <navigation navigation_id="templateModifications" parent_navigation_id="stylesAndTemplates" display_order="315" link="template-modifications" admin_permission_id="style" debug_only="0" hide_no_children="0"/>
  <navigation navigation_id="templates" parent_navigation_id="stylesAndTemplates" display_order="310" link="templates" admin_permission_id="style" debug_only="0" hide_no_children="0"/>
  <navigation navigation_id="testFacebook" parent_navigation_id="diagnostics" display_order="100" link="tools/test-facebook" admin_permission_id="" debug_only="0" hide_no_children="0"/>
  <navigation navigation_id="testImageProxy" parent_navigation_id="diagnostics" display_order="200" link="tools/test-image-proxy" admin_permission_id="" debug_only="0" hide_no_children="0"/>
  <navigation navigation_id="testPermissions" parent_navigation_id="permissions" display_order="100" link="permissions/test" admin_permission_id="user" debug_only="0" hide_no_children="0"/>
  <navigation navigation_id="testTwitter" parent_navigation_id="diagnostics" display_order="105" link="tools/test-twitter" admin_permission_id="" debug_only="0" hide_no_children="0"/>
  <navigation navigation_id="threadPrefixes" parent_navigation_id="threadsPosts" display_order="1" link="thread-prefixes" admin_permission_id="thread" debug_only="0" hide_no_children="0"/>
  <navigation navigation_id="threadReplyBans" parent_navigation_id="threadsPosts" display_order="10" link="threads/reply-bans" admin_permission_id="thread" debug_only="0" hide_no_children="0"/>
  <navigation navigation_id="threadsPosts" parent_navigation_id="applications" display_order="15" link="" admin_permission_id="" debug_only="0" hide_no_children="1"/>
  <navigation navigation_id="tools" parent_navigation_id="" display_order="50" link="tools" admin_permission_id="" debug_only="0" hide_no_children="1"/>
  <navigation navigation_id="toolsGroups" parent_navigation_id="tools" display_order="10" link="" admin_permission_id="" debug_only="0" hide_no_children="1"/>
  <navigation navigation_id="trophies" parent_navigation_id="userCustomization" display_order="20" link="trophies" admin_permission_id="trophy" debug_only="0" hide_no_children="0"/>
  <navigation navigation_id="userChangeLogs" parent_navigation_id="logs" display_order="35" link="logs/user-change-log" admin_permission_id="user" debug_only="0" hide_no_children="0"/>
  <navigation navigation_id="userCustomization" parent_navigation_id="users" display_order="15" link="" admin_permission_id="" debug_only="0" hide_no_children="1"/>
  <navigation navigation_id="userFields" parent_navigation_id="userCustomization" display_order="10" link="user-fields" admin_permission_id="userField" debug_only="0" hide_no_children="0"/>
  <navigation navigation_id="userGroupPermissions" parent_navigation_id="permissions" display_order="1" link="user-group-permissions" admin_permission_id="userGroup" debug_only="0" hide_no_children="0"/>
  <navigation navigation_id="userGroupPromotions" parent_navigation_id="userGroups" display_order="10" link="user-group-promotions" admin_permission_id="userGroup" debug_only="0" hide_no_children="0"/>
  <navigation navigation_id="userGroups" parent_navigation_id="users" display_order="25" link="user-groups" admin_permission_id="userGroup" debug_only="0" hide_no_children="1"/>
  <navigation navigation_id="userPermissions" parent_navigation_id="permissions" display_order="10" link="user-permissions" admin_permission_id="user" debug_only="0" hide_no_children="0"/>
  <navigation navigation_id="userTitleLadder" parent_navigation_id="userCustomization" display_order="25" link="user-title-ladder" admin_permission_id="user" debug_only="0" hide_no_children="0"/>
  <navigation navigation_id="userUpgradeTransLog" parent_navigation_id="userUpgrades" display_order="1000" link="user-upgrades/transaction-log" admin_permission_id="userUpgrade" debug_only="0" hide_no_children="0"/>
  <navigation navigation_id="userUpgrades" parent_navigation_id="users" display_order="60" link="user-upgrades" admin_permission_id="userUpgrade" debug_only="0" hide_no_children="0"/>
  <navigation navigation_id="userWarnings" parent_navigation_id="banning" display_order="1" link="warnings" admin_permission_id="warning" debug_only="0" hide_no_children="0"/>
  <navigation navigation_id="users" parent_navigation_id="" display_order="30" link="users" admin_permission_id="" debug_only="0" hide_no_children="1"/>
  <navigation navigation_id="usersAwaitingApproval" parent_navigation_id="usersSection" display_order="100" link="users/moderated" admin_permission_id="user" debug_only="0" hide_no_children="0"/>
  <navigation navigation_id="usersSection" parent_navigation_id="users" display_order="10" link="" admin_permission_id="" debug_only="0" hide_no_children="1"/>
  <navigation navigation_id="weeklyStatistics" parent_navigation_id="stats" display_order="20" link="stats/weekly" admin_permission_id="viewStatistics" debug_only="0" hide_no_children="0"/>
</admin_navigation>
