<?xml version="1.0" encoding="utf-8"?>
<cron>
  <entry entry_id="boardTotalsCounter" cron_class="XenForo_CronEntry_Counters" cron_method="rebuildBoardTotals" active="1"><![CDATA[{"day_type":"dom","dom":["-1"],"hours":["-1"],"minutes":["3","13","23","33","43","53"]}]]></entry>
  <entry entry_id="cleanUpDaily" cron_class="XenForo_CronEntry_CleanUp" cron_method="runDailyCleanUp" active="1"><![CDATA[{"day_type":"dom","dom":["-1"],"hours":["3"],"minutes":["0"]}]]></entry>
  <entry entry_id="cleanUpHourly" cron_class="XenForo_CronEntry_CleanUp" cron_method="runHourlyCleanUp" active="1"><![CDATA[{"day_type":"dom","dom":["-1"],"hours":["-1"],"minutes":["10"]}]]></entry>
  <entry entry_id="dailyStats" cron_class="XenForo_CronEntry_Counters" cron_method="recordDailyStats" active="1"><![CDATA[{"day_type":"dom","dom":["-1"],"hours":["0"],"minutes":["30"]}]]></entry>
  <entry entry_id="deleteExpiredBans" cron_class="XenForo_CronEntry_Ban" cron_method="deleteExpiredBans" active="1"><![CDATA[{"day_type":"dom","dom":["-1"],"hours":["-1"],"minutes":["45"]}]]></entry>
  <entry entry_id="downgradeExpired" cron_class="XenForo_CronEntry_CleanUp" cron_method="runUserDowngrade" active="1"><![CDATA[{"day_type":"dom","dom":["-1"],"hours":["-1"],"minutes":["50"]}]]></entry>
  <entry entry_id="emailBounce" cron_class="XenForo_CronEntry_EmailBounce" cron_method="process" active="1"><![CDATA[{"day_type":"dom","dom":["-1"],"hours":["-1"],"minutes":["23","53"]}]]></entry>
  <entry entry_id="expireTempUserChanges" cron_class="XenForo_CronEntry_CleanUp" cron_method="expireTempUserChanges" active="1"><![CDATA[{"day_type":"dom","dom":["-1"],"hours":["-1"],"minutes":["42"]}]]></entry>
  <entry entry_id="feeder" cron_class="XenForo_CronEntry_Feeder" cron_method="importFeeds" active="1"><![CDATA[{"day_type":"dom","dom":["-1"],"hours":["-1"],"minutes":["2","12","22","32","42","52"]}]]></entry>
  <entry entry_id="sitemap" cron_class="XenForo_CronEntry_Sitemap" cron_method="triggerSitemapRebuild" active="1"><![CDATA[{"day_type":"dow","dow":["1","5"],"hours":["5"],"minutes":["37"]}]]></entry>
  <entry entry_id="trophy" cron_class="XenForo_CronEntry_Trophy" cron_method="runTrophyCheck" active="1"><![CDATA[{"day_type":"dom","dom":["-1"],"hours":["-1"],"minutes":["40"]}]]></entry>
  <entry entry_id="userGroupPromotions" cron_class="XenForo_CronEntry_UserGroupPromotion" cron_method="runPromotions" active="1"><![CDATA[{"day_type":"dom","dom":["-1"],"hours":["-1"],"minutes":["20"]}]]></entry>
  <entry entry_id="views" cron_class="XenForo_CronEntry_Views" cron_method="runViewUpdate" active="1"><![CDATA[{"day_type":"dom","dom":["-1"],"hours":["-1"],"minutes":["30"]}]]></entry>
  <entry entry_id="warningExpiry" cron_class="XenForo_CronEntry_Warnings" cron_method="expireWarnings" active="1"><![CDATA[{"day_type":"dom","dom":["-1"],"hours":["-1"],"minutes":["55"]}]]></entry>
</cron>
